Pass_no,Name,Date
1,name1,2021-09-09
2,name2,2021-09-10
3,name3,2021-09-11
4,name4,2021-09-12
5,name5,2021-09-13
6,name6,2021-09-14
7,name7,2021-09-15
8,name8,2021-09-16
9,name9,2021-09-17
10,name10,2021-09-18
11,name11,2021-09-19
12,name12,2021-09-20
13,name13,2021-09-21
14,name14,2021-09-22
15,name15,2021-09-23
16,name16,2021-09-24
17,name17,2021-09-25
18,name18,2021-09-26
19,name19,2021-09-27
20,name20,2021-09-28
21,name21,2021-09-29
22,name22,2021-09-30
23,name23,2021-10-01
24,name24,2021-10-02
25,name25,2021-10-03
26,name26,2021-10-04
27,name27,2021-10-05
28,name28,2021-10-06
29,name29,2021-10-07
30,name30,2021-10-08
31,name31,2021-10-09
32,name32,2021-10-10
33,name33,2021-10-11
34,name34,2021-10-12
35,name35,2021-10-13
36,name36,2021-10-14
37,name37,2021-10-15
38,name38,2021-10-16
39,name39,2021-10-17
40,name40,2021-10-18
41,name41,2021-10-19
42,name42,2021-10-20
43,name43,2021-10-21
44,name44,2021-10-22
45,name45,2021-10-23
46,name46,2021-10-24
47,name47,2021-10-25
48,name48,2021-10-26
49,name49,2021-10-27
50,name50,2021-10-28
51,name51,2021-10-29
52,name52,2021-10-30
53,name53,2021-10-31
54,name54,2021-11-01
55,name55,2021-11-02
56,name56,2021-11-03
57,name57,2021-11-04
58,name58,2021-11-05
59,name59,2021-11-06
60,name60,2021-11-07
61,name61,2021-11-08
62,name62,2021-11-09
63,name63,2021-11-10
64,name64,2021-11-11
65,name65,2021-11-12
66,name66,2021-11-13
67,name67,2021-11-14
68,name68,2021-11-15
69,name69,2021-11-16
70,name70,2021-11-17
71,name71,2021-11-18
72,name72,2021-11-19
73,name73,2021-11-20
74,name74,2021-11-21
75,name75,2021-11-22
76,name76,2021-11-23
77,name77,2021-11-24
78,name78,2021-11-25
79,name79,2021-11-26
80,name80,2021-11-27
0,,
