Visit_id,M_id,Pass_no,Date,In_time,out_time
1,1,0,2021-10-01,10:00:00,12:00:00
2,2,0,2021-10-02,11:00:00,13:00:00
3,3,0,2021-10-03,12:00:00,14:00:00
4,4,0,2021-10-04,13:00:00,15:00:00
5,3,0,2021-10-05,14:00:00,16:00:00
6,6,0,2021-10-06,15:00:00,17:00:00
7,7,0,2021-10-07,16:00:00,18:00:00
8,8,0,2021-10-08,17:00:00,19:00:00
9,2,0,2021-10-09,18:00:00,20:00:00
10,10,0,2021-10-10,9:00:00,11:00:00
11,11,0,2021-10-11,10:00:00,12:00:00
12,11,0,2021-10-12,11:00:00,13:00:00
13,13,0,2021-10-13,12:00:00,14:00:00
14,1,0,2021-10-14,13:00:00,15:00:00
15,0,1,2021-10-15,14:00:00,16:00:00
16,0,2,2021-10-16,15:00:00,17:00:00
17,0,3,2021-10-17,16:00:00,18:00:00
18,0,4,2021-10-18,17:00:00,19:00:00
19,0,5,2021-10-19,18:00:00,20:00:00
20,0,6,2021-10-20,19:00:00,20:00:00
